Cairo,lDRc_5W6
Cairo,Euq1HhgJ,IOTBt
Orion1.15,wVMaed9K
Orion1.15,Dc19mYTa
PWmk,.+PBwy
PWmk,srgiGxciXNP
HernsPW,4Xb+mSkVf7v
PWmk,YBAkhQJujZ_
Cairo,GzKI7McU
Cairo,djmNs?38oYc
Orion1.15,Tbngho6v
PWmk,yHjdUna-
PWmk,,rAJCQ!
Andoes,-AyxHGEnNjSdfI
PWmk,KgcfdhjM
Orion1.15,RVF17xrdM
Cairo,uRMbPiIuoe
PWmk,XOvTqal
HernsPW,r.td.V.DvTWtQ44
HernsPW,,2JNpuPHXzKJ
Orion1.15,K6fr4CIY80
Cairo,G8Sd!z
HernsPW,TMINc-9,
HernsPW,bp5CG+A3dFow1+
Orion1.15,B02rpBBK3ELEb9M
Andoes,bUabJaiXB
Orion1.15,6CjgqrzU
Andoes,VQIeWhYQRz
Cairo,U-SB1X34opE59M
Orion1.15,UzVigu2LbLsMIQC
Orion1.15,0kUvTdQNSuBM
HernsPW,d8B,Pj1vNTn?WtS
Andoes,Wdabx?fVTAUzCk
PWmk,rPhwzEtqN
Orion1.15,89xdcoXKGd
Cairo,?1zmP3G
Orion1.15,WXPJ3D3rv
Orion1.15,DflFGo8UglKzsL
PWmk,qu_Tsv_
PWmk,XT+smt,C
Orion1.15,rO5FGp85N
Cairo,eE7Cc
Orion1.15,2uwTJbjUo
Andoes,DgyuWvKRQ-gCv
Cairo,P4PxU_9t
Cairo,2h43wpjQF
PWmk,WBEcFQt
Orion1.15,eQevPMecIPczi
Cairo,xM489lIqTXl02Y
Cairo,i,RkPWN,ID
HernsPW,_z7bcA+1
Cairo,AjuVfhHC3EhFZdQ
Cairo,_XtpccRt
PWmk,oA-tOlAn?_
Cairo,qwAr+JaKguG.w!
Orion1.15,Dr0ujMyGV4QB
PWmk,vylXjEDJ_L
Cairo,I.elWfd6z!b5
Orion1.15,crkIZGmI
Orion1.15,CbQrp2B6nkvQhH
Andoes,BpYERgE-HQlr
PWmk,gJLywrcZ
PWmk,Uwk?fbdftj
Cairo,4zm+LLGMWD?0pi2
Orion1.15,jazxnOXbu
HernsPW,JTM4DkUJDqaXU
Cairo,_QNMszAV47A882
PWmk,++vaaJsBd
PWmk,MvkStyIX
HernsPW,f4E_FgcHoFhZg
Andoes,weKYRfsLmZ?fUnW
HernsPW,jd_4_ICbi49CZ--
Orion1.15,ghUuuS7sx8t
Orion1.15,2sbT6u7bsmL
HernsPW,QY07C1kPo
Cairo,_z0ZLJcTvA4u8
Orion1.15,LJ8UmSpOtYTWi
Cairo,0N8w8P74yuNv
HernsPW,Vd+4u59_A!Ba
HernsPW,4dsLvuDnDG5
HernsPW,H58sdzBG
Cairo,6g+g-
HernsPW,p6e58r,U
Andoes,?a,zgerfsA
PWmk,M.PmTc
HernsPW,-tJP6aJyD?We
PWmk,xqvxc_Qm!vz
PWmk,wjMBeV
HernsPW,dbYEAVv5E
Orion1.15,olEkmuvu
HernsPW,48GMk0W!q9_
HernsPW,5Cf,!s?NXEXpf
HernsPW,C2FFu,Zzj4gU71
HernsPW,1,kGhwa-6GrD
PWmk,ZxCQQELM-
PWmk,RXhP-N_
Andoes,FNElChkxLv+Jh
Andoes,nljO.__K-zJAHg
Andoes,nJohyvoFNWVgb-
Cairo,3l,c6DE07
Cairo,fEnj9e6VokM
Cairo,7y_rgLN7aGjp?
PWmk,,EYbUN
HernsPW,Yw5Cxbwu3?_i
Orion1.15,HXUWu18RiCE
Andoes,y,OrHzJhJB.
HernsPW,F?!96HhS0
Orion1.15,uNIcg58wXfwmQ
Cairo,n-vTeb5
HernsPW,I5AwEvdRs
Orion1.15,S7AjDKcpq2aid
HernsPW,Efc7nrLRdy?GMPJ
Cairo,dMh8Mh_I?+
PWmk,AMNRTqEIm
Andoes,NhhoopaKUR
Andoes,nYMyxbVNtV+qgn
Orion1.15,wEzYbfKw1QRT
PWmk,LnC-syMHC
Cairo,U1N?Fy7P7
HernsPW,8Qg!6I..
Orion1.15,p8piXWrjVv4pI
Cairo,mAMVs4YD5PqoHsA
PWmk,gXtQOtCj
HernsPW,vpp3hwVzNH.t
HernsPW,qWKMUmN3
HernsPW,o+Ky?gBVH_H+_9
Cairo,tLpcbnz
Cairo,shmckmuY
Cairo,x0Q7NTrgx?o2BZ,
Orion1.15,R9poyMOwlz0f
HernsPW,?h!c4ZunJV
PWmk,Rtk-zoLrofT
HernsPW,4ri8qtEvS
Cairo,p-hahfwPdWOfWp
PWmk,s_aSOD,k
HernsPW,Qg+JH!?FNmi4AE
Andoes,JixbmJOSkgPRq
Andoes,dmcwwC-x
Cairo,vVa,c8hNyrkP-
Cairo,CIfxUSo3U
HernsPW,kTksioc6w
Cairo,Swv7r.fhrH_f
Cairo,gVUP,dbdSv0sx
HernsPW,SM4fKLJKU8z2WI
Andoes,chen?wwr.+kMsTx
HernsPW,VERV!,iBXc?7W
Cairo,8l8IF_I?h
HernsPW,?--Gr7spNjUx2
Cairo,HJjdB,Z6!
Orion1.15,lrRj3Zj00
PWmk,plnHgxCwDEy
PWmk,eD_F,kEaI
Orion1.15,OVoS7cBgFOc
HernsPW,CJc9aQ0pTJm
HernsPW,EU-?gn4S0zdxFrB
HernsPW,zRRk.1W.W
PWmk,Kp,GaxCU
Orion1.15,sAbu0rEi5
Cairo,C2h7Ytr7p3E
Cairo,K4ViJ5
Andoes,WQsTzGkIDEZ
Cairo,.ALC6T!_q?
Cairo,qnqO70
PWmk,i+uIm,
Orion1.15,ZNvS9bFizQtP9Z5
PWmk,zwxYlQ
HernsPW,Krd7EYXVz4?uTI
Orion1.15,pOT0z9L1n4J
Cairo,V9IK_C3c0p
HernsPW,Grb_e7Nxz3
Cairo,BI6!kzl9
HernsPW,DxGidiA+7f.zpZD
Orion1.15,Uo8hVGaVeHoR
Orion1.15,AAnvu04U3l26O
Cairo,wNaQJDMrmG21kAa
PWmk,hoMShENr-X-
HernsPW,HJZ0V_cdX
Orion1.15,4HNPCqpR6PwB
PWmk,MNC+WfSf
Orion1.15,C19rgJThO3WjbN
PWmk,P,vhJIVGT
Cairo,wrhD0Wdp
PWmk,Yv.kgq
PWmk,+i?iqilEp
Cairo,a+!ZlnHVR
HernsPW,-8sSJCMF
PWmk,,rRQRoi
Cairo,GAC4Ga?L4,HPJ
Cairo,ZZr+w?
HernsPW,e1YwY!+j
Cairo,FYQDVZffKEosK
Orion1.15,m9l36j6Ecgf1AjF
Cairo,vmTrnQMms.
HernsPW,B!kyxpKE2p22,7e
Cairo,nZxUbdEtzSwYC
Orion1.15,mEYJMTC9HWa2PE
Orion1.15,AAnhYZFcShn
Andoes,B.lftdun
PWmk,zer-CP!
PWmk,.O_eWwIi
PWmk,QR.FgLvz
Cairo,_1?hN5Pbz3Erg6
PWmk,pLEDiysV
HernsPW,auo-FVy6!
Orion1.15,giKsxK33iFJCcrm
Andoes,aTRTSV,gkijnyr
PWmk,BsmodzqMGw
HernsPW,_e0kkFiL
Orion1.15,f0FBDJDrl8mYF8
Cairo,G81UuY7
PWmk,Hhz?GTFxs
Cairo,W7tMCQXLq!,M4b
Orion1.15,QwBIvv6rOMhaoJ
Cairo,NvMvox8+?AElwfN
Andoes,VM_CIOLzPSRDT
Cairo,1Mz,Q
Orion1.15,avOulYQbd
HernsPW,BPBq2MPsnJ,jExN
PWmk,G_n?uKZ_rR
HernsPW,nmFU7scw
Andoes,m_nSob!WIM
Orion1.15,ulICsb5VkLk
Orion1.15,G51qlkGIY
HernsPW,qMq.WcQeM3
PWmk,BBwUD.C
Cairo,oyZuj?dN-DH
Cairo,AldbbAjWieM6?
Andoes,__L.U.TvzZbaDw
PWmk,oEt,OdJa?
PWmk,G!IdEUbBnc
Andoes,YEWjlgIB
HernsPW,US_v1tvc
Cairo,i,2tlEHf
Orion1.15,uN7t6TFCDLrD
Orion1.15,5QUVTsmD
Orion1.15,5XV9CCEs
HernsPW,3LI?IA4T?+w?Em
HernsPW,ZBm4PtP2dBi+
HernsPW,rdgnoiapX1Ewg,
Cairo,-SitLh
Cairo,jbKl!
HernsPW,hBREBygbWd
HernsPW,.brVsBkkAU
HernsPW,!W!1sgGFbL
HernsPW,.?aU!10ByPbC
PWmk,uUc-uGLp+s
Cairo,PUI.AvTqZ
Andoes,ABuLhymuK
Orion1.15,CiCTDgy1ANDD
Cairo,vs?V_S4h6
Orion1.15,i3WOqzNS
Cairo,7JT6W
Cairo,s?ymmOKFMbpKl
Orion1.15,876YbjdSGyps
Andoes,gNeeUcPdejtxphw
HernsPW,qX,6-oNiGKfPRGD
HernsPW,g_KnTQzS
HernsPW,BKh?Ytcz?3Xi
Orion1.15,wRTICA2d
Orion1.15,telbcNXT2pQPGKf
Andoes,SzRmse.+T.h-!r
PWmk,HVPJsFf?j
PWmk,MGSOefYTH
HernsPW,X6s_NK4gyZsz
Orion1.15,OLCvuVNspD
Cairo,uTvnu60On
Andoes,aEoAziOGKZ
HernsPW,j2q.+.bBv?23Y
Cairo,S-YbyPx?
Orion1.15,zRjk5CK8Iq
Andoes,JsC_??iP?!Njo,
HernsPW,vZRc8hh_vr_9P4
HernsPW,Q?45h!WF0XSAFb1
PWmk,VsGnN?ftr
PWmk,k!FzcnKZ
PWmk,yCdTqOmZK
PWmk,JovpmJG.Vj
PWmk,pUDNBg-ZLLc
Cairo,pWhmpJUEW,MgNLN
Orion1.15,fqr4lgYo2qb0v
Orion1.15,L85RgP7gLi
PWmk,oK+EDWnaB
HernsPW,JIZz7u,t
Cairo,GVeUqW
Cairo,ihs3o+JzOW
HernsPW,FZn_6zfh7J4.Syz
Orion1.15,EGJnvY57cQFM
Cairo,lemow
Andoes,?hDGaT,iUCSZ
HernsPW,t_+E,x_rnJ5Nt!n
Cairo,PehqnYI
HernsPW,Vjc4S7h1+
Cairo,Y5kXzSy
PWmk,ttYyyyTfLUy
PWmk,y_Y?s!PIft
PWmk,KKVudnXv
Orion1.15,ipIREFd86
PWmk,ekupa!k-Gw
Orion1.15,X3SVwkpJxcbXxM
Cairo,Z9JA1C
Orion1.15,GFHQoy9m
Cairo,TJeB4kfBtab5
Andoes,TX-azcYj?W
Andoes,bNjbAImF
PWmk,-pVhCo
HernsPW,NVim!8K.Y
Andoes,gEXiptxfepRMQa
Cairo,c!lTvX1hct
PWmk,FrGtgoa
Cairo,6KiUACXOe
PWmk,naahJIV-N
Orion1.15,uiOU5mnVH
Cairo,mvpu6R
Andoes,HibQVCRn
Andoes,BSxEGMr!
HernsPW,!WAcXUv0
PWmk,Tu+hSnzB_
HernsPW,qCgqzAZ?Pn
HernsPW,26CWxzNQIH
Cairo,iTk90arL_qdp4
PWmk,c.uPVK
HernsPW,0gdk9zPMkGV
Cairo,11Da9em0oyZUb6
HernsPW,bQ-b7Z7sg87+G
HernsPW,ryKn56jdUPsL
Orion1.15,vG4QdhCv
Orion1.15,MWzTm9BkI
Cairo,r.EUn
HernsPW,VdwmDUG_
Orion1.15,5CNGTIG7VjiqnGh
Cairo,uXMHXx
Cairo,Xvi_73fd!lk-Q
HernsPW,mdtv3zqUt,
Orion1.15,YqBCriFMw
Andoes,NwlcnWehUnG?c
HernsPW,mxV7LZ+Mf_3KIK
Andoes,XuJGGyrKWdGpkkc
Andoes,jpCyhsQg
Andoes,+-.fyH+e
HernsPW,Gz,rR2JZv
PWmk,?I-.jqzyl
HernsPW,zda_7e5j1QEfepg
Cairo,dvUpZz
PWmk,q.mHHI
Cairo,RLIk584O+Y6
HernsPW,vLL7Ztzg3vdjF_
Andoes,UrhIxPpHsrhOq_
Orion1.15,27GE7Fh6FJnge
HernsPW,te7f2eeQ7
Cairo,!p0wfT3
Cairo,i-CKg_
Orion1.15,BV4Usujn
HernsPW,QejbLUDZS87o6
HernsPW,EIFc0npgMF1g
HernsPW,SunyHXdg
Cairo,m9qn_.Y0
Cairo,T9ZILkSf
Orion1.15,nonO7bM0
Orion1.15,ep2ySs0Jl43H9
Andoes,HngIGqYYM
HernsPW,Py+54MvJXaLHM
Orion1.15,bss1OARy
Orion1.15,XHZBOmLf
Cairo,A!-1DPx5PSzm
PWmk,Yyla+,jU?Oi
Orion1.15,FEQE2dOg
Orion1.15,rbOTjxvVVMWvG5q
Cairo,r+Lnyqvcq-tb6
PWmk,O?cdfZ
Cairo,WF..6ZY2s9N
Cairo,x1E7onL0b6
Andoes,AyaFNAWfGbiU!+w
Cairo,v2A6LggCra-ar1
PWmk,UPfSZd_C
Orion1.15,vfz7MabO
Cairo,AEBNvI6
PWmk,GzZnG+B
Orion1.15,n79bbfsei
Orion1.15,CMuX9wD2ydJrDhq
HernsPW,n8MLy_6yT5u
HernsPW,8VZ8nDRqji+w
Orion1.15,RWZTvZZK
PWmk,Wi!pCnmhTE
Cairo,rd9lb0qW6
Orion1.15,FGsidrfaGIk0
Orion1.15,3hkIWXFb6Gc1
Cairo,dt5LY5R,aZBdhw
Orion1.15,KLZdERJJxmhX
Orion1.15,vtPjEBKw
HernsPW,+aF7f6Hxa
Orion1.15,zwUjH2ES
